_SKILLS_,Skills,_SKILLS_,_SKILLS DESC_,Skill Description,_SKILLS DESC_,~
_SKILLS_,HTML,_SKILLS_,_SKILLS DESC_,Software Developer,_SKILLS DESC_,~
_SKILLS_,CSS,_SKILLS_,_SKILLS DESC_,This is one ,_SKILLS DESC_,~
_SKILLS_,JavaScript,_SKILLS_,_SKILLS DESC_,,_SKILLS DESC_,~
_SKILLS_,PHP,_SKILLS_,_SKILLS DESC_,,_SKILLS DESC_,~
_SKILLS_,C++,_SKILLS_,_SKILLS DESC_,,_SKILLS DESC_,~
_SKILLS_,Sketch,_SKILLS_,_SKILLS DESC_,,_SKILLS DESC_,~
_SKILLS_,Excel,_SKILLS_,_SKILLS DESC_,,_SKILLS DESC_,~
_SKILLS_,Racket,_SKILLS_,_SKILLS DESC_,,_SKILLS DESC_,~
_SKILLS_,LISP,_SKILLS_,_SKILLS DESC_,,_SKILLS DESC_,~
_SKILLS_,Git,_SKILLS_,_SKILLS DESC_,,_SKILLS DESC_,~
_SKILLS_,Github,_SKILLS_,_SKILLS DESC_,,_SKILLS DESC_,~
_SKILLS_,C,_SKILLS_,_SKILLS DESC_,,_SKILLS DESC_,~
_SKILLS_,Turing,_SKILLS_,_SKILLS DESC_,,_SKILLS DESC_,~
_SKILLS_,Figma,_SKILLS_,_SKILLS DESC_,,_SKILLS DESC_,~
_SKILLS_,Linters,_SKILLS_,_SKILLS DESC_,,_SKILLS DESC_,~
_SKILLS_,Node.js,_SKILLS_,_SKILLS DESC_,,_SKILLS DESC_,~
_SKILLS_,GSAP,_SKILLS_,_SKILLS DESC_,,_SKILLS DESC_,~
_SKILLS_,Next.js,_SKILLS_,_SKILLS DESC_,,_SKILLS DESC_,~
_SKILLS_,Redux,_SKILLS_,_SKILLS DESC_,,_SKILLS DESC_,~
_SKILLS_,React,_SKILLS_,_SKILLS DESC_,,_SKILLS DESC_,~
_SKILLS_,,_SKILLS_,_SKILLS DESC_,,_SKILLS DESC_,~
_SKILLS_,,_SKILLS_,_SKILLS DESC_,,_SKILLS DESC_,~
_SKILLS_,,_SKILLS_,_SKILLS DESC_,,_SKILLS DESC_,~
_SKILLS_,,_SKILLS_,_SKILLS DESC_,,_SKILLS DESC_,~
_SKILLS_,,_SKILLS_,_SKILLS DESC_,,_SKILLS DESC_,~
_SKILLS_,,_SKILLS_,_SKILLS DESC_,,_SKILLS DESC_,~
_SKILLS_,,_SKILLS_,_SKILLS DESC_,,_SKILLS DESC_,~
_SKILLS_,,_SKILLS_,_SKILLS DESC_,,_SKILLS DESC_,~
_SKILLS_,,_SKILLS_,_SKILLS DESC_,,_SKILLS DESC_,~
_SKILLS_,,_SKILLS_,_SKILLS DESC_,,_SKILLS DESC_,~
_SKILLS_,,_SKILLS_,_SKILLS DESC_,,_SKILLS DESC_,~
_SKILLS_,,_SKILLS_,_SKILLS DESC_,,_SKILLS DESC_,~
_SKILLS_,,_SKILLS_,_SKILLS DESC_,,_SKILLS DESC_,~
_SKILLS_,,_SKILLS_,_SKILLS DESC_,,_SKILLS DESC_,~
_SKILLS_,,_SKILLS_,_SKILLS DESC_,,_SKILLS DESC_,~
_SKILLS_,,_SKILLS_,_SKILLS DESC_,,_SKILLS DESC_,~
_SKILLS_,,_SKILLS_,_SKILLS DESC_,,_SKILLS DESC_,~
_SKILLS_,,_SKILLS_,_SKILLS DESC_,,_SKILLS DESC_,~
_SKILLS_,,_SKILLS_,_SKILLS DESC_,,_SKILLS DESC_,~
_SKILLS_,,_SKILLS_,_SKILLS DESC_,,_SKILLS DESC_,~
_SKILLS_,,_SKILLS_,_SKILLS DESC_,,_SKILLS DESC_,~
_SKILLS_,,_SKILLS_,_SKILLS DESC_,,_SKILLS DESC_,~
_SKILLS_,,_SKILLS_,_SKILLS DESC_,,_SKILLS DESC_,~
_SKILLS_,,_SKILLS_,_SKILLS DESC_,,_SKILLS DESC_,~
_SKILLS_,,_SKILLS_,_SKILLS DESC_,,_SKILLS DESC_,~
_SKILLS_,,_SKILLS_,_SKILLS DESC_,,_SKILLS DESC_,~
_SKILLS_,,_SKILLS_,_SKILLS DESC_,,_SKILLS DESC_,~
_SKILLS_,,_SKILLS_,_SKILLS DESC_,,_SKILLS DESC_,~
_SKILLS_,,_SKILLS_,_SKILLS DESC_,,_SKILLS DESC_,~
_SKILLS_,,_SKILLS_,_SKILLS DESC_,,_SKILLS DESC_,~
_SKILLS_,,_SKILLS_,_SKILLS DESC_,,_SKILLS DESC_,~
_SKILLS_,,_SKILLS_,_SKILLS DESC_,,_SKILLS DESC_,~
_SKILLS_,,_SKILLS_,_SKILLS DESC_,,_SKILLS DESC_,~
_SKILLS_,,_SKILLS_,_SKILLS DESC_,,_SKILLS DESC_,~
_SKILLS_,,_SKILLS_,_SKILLS DESC_,,_SKILLS DESC_,~
_SKILLS_,,_SKILLS_,_SKILLS DESC_,,_SKILLS DESC_,~
_SKILLS_,,_SKILLS_,_SKILLS DESC_,,_SKILLS DESC_,~
_SKILLS_,,_SKILLS_,_SKILLS DESC_,,_SKILLS DESC_,~
_SKILLS_,,_SKILLS_,_SKILLS DESC_,,_SKILLS DESC_,~
_SKILLS_,,_SKILLS_,_SKILLS DESC_,,_SKILLS DESC_,~
_SKILLS_,,_SKILLS_,_SKILLS DESC_,,_SKILLS DESC_,~
_SKILLS_,,_SKILLS_,_SKILLS DESC_,,_SKILLS DESC_,~
_SKILLS_,,_SKILLS_,_SKILLS DESC_,,_SKILLS DESC_,~
_SKILLS_,,_SKILLS_,_SKILLS DESC_,,_SKILLS DESC_,~
_SKILLS_,,_SKILLS_,_SKILLS DESC_,,_SKILLS DESC_,~
_SKILLS_,,_SKILLS_,_SKILLS DESC_,,_SKILLS DESC_,~
_SKILLS_,,_SKILLS_,_SKILLS DESC_,,_SKILLS DESC_,~
_SKILLS_,,_SKILLS_,_SKILLS DESC_,,_SKILLS DESC_,~
_SKILLS_,,_SKILLS_,_SKILLS DESC_,,_SKILLS DESC_,~
_SKILLS_,,_SKILLS_,_SKILLS DESC_,,_SKILLS DESC_,~
_SKILLS_,,_SKILLS_,_SKILLS DESC_,,_SKILLS DESC_,~
_SKILLS_,,_SKILLS_,_SKILLS DESC_,,_SKILLS DESC_,~
_SKILLS_,,_SKILLS_,_SKILLS DESC_,,_SKILLS DESC_,~
_SKILLS_,,_SKILLS_,_SKILLS DESC_,,_SKILLS DESC_,~
_SKILLS_,,_SKILLS_,_SKILLS DESC_,,_SKILLS DESC_,~
_SKILLS_,,_SKILLS_,_SKILLS DESC_,,_SKILLS DESC_,~
_SKILLS_,,_SKILLS_,_SKILLS DESC_,,_SKILLS DESC_,~
_SKILLS_,,_SKILLS_,_SKILLS DESC_,,_SKILLS DESC_,~
_SKILLS_,,_SKILLS_,_SKILLS DESC_,,_SKILLS DESC_,~
_SKILLS_,,_SKILLS_,_SKILLS DESC_,,_SKILLS DESC_,~
_SKILLS_,,_SKILLS_,_SKILLS DESC_,,_SKILLS DESC_,~
_SKILLS_,,_SKILLS_,_SKILLS DESC_,,_SKILLS DESC_,~
_SKILLS_,,_SKILLS_,_SKILLS DESC_,,_SKILLS DESC_,~
_SKILLS_,,_SKILLS_,_SKILLS DESC_,,_SKILLS DESC_,~
_SKILLS_,,_SKILLS_,_SKILLS DESC_,,_SKILLS DESC_,~
_SKILLS_,,_SKILLS_,_SKILLS DESC_,,_SKILLS DESC_,~
_SKILLS_,,_SKILLS_,_SKILLS DESC_,,_SKILLS DESC_,~
_SKILLS_,,_SKILLS_,_SKILLS DESC_,,_SKILLS DESC_,~
_SKILLS_,,_SKILLS_,_SKILLS DESC_,,_SKILLS DESC_,~
_SKILLS_,,_SKILLS_,_SKILLS DESC_,,_SKILLS DESC_,~
_SKILLS_,,_SKILLS_,_SKILLS DESC_,,_SKILLS DESC_,~
_SKILLS_,,_SKILLS_,_SKILLS DESC_,,_SKILLS DESC_,~
_SKILLS_,,_SKILLS_,_SKILLS DESC_,,_SKILLS DESC_,~
_SKILLS_,,_SKILLS_,_SKILLS DESC_,,_SKILLS DESC_,~
_SKILLS_,,_SKILLS_,_SKILLS DESC_,,_SKILLS DESC_,~
_SKILLS_,,_SKILLS_,_SKILLS DESC_,,_SKILLS DESC_,~
_SKILLS_,,_SKILLS_,_SKILLS DESC_,,_SKILLS DESC_,~
_SKILLS_,,_SKILLS_,_SKILLS DESC_,,_SKILLS DESC_,~
_SKILLS_,,_SKILLS_,_SKILLS DESC_,,_SKILLS DESC_,~
_SKILLS_,,_SKILLS_,_SKILLS DESC_,,_SKILLS DESC_,~
_SKILLS_,,_SKILLS_,_SKILLS DESC_,,_SKILLS DESC_,~
_SKILLS_,,_SKILLS_,_SKILLS DESC_,,_SKILLS DESC_,~
_SKILLS_,,_SKILLS_,_SKILLS DESC_,,_SKILLS DESC_,~
_SKILLS_,,_SKILLS_,_SKILLS DESC_,,_SKILLS DESC_,~
_SKILLS_,,_SKILLS_,_SKILLS DESC_,,_SKILLS DESC_,~
_SKILLS_,,_SKILLS_,_SKILLS DESC_,,_SKILLS DESC_,~
_SKILLS_,,_SKILLS_,_SKILLS DESC_,,_SKILLS DESC_,~
_SKILLS_,,_SKILLS_,_SKILLS DESC_,,_SKILLS DESC_,~
_SKILLS_,,_SKILLS_,_SKILLS DESC_,,_SKILLS DESC_,~
_SKILLS_,,_SKILLS_,_SKILLS DESC_,,_SKILLS DESC_,~
_SKILLS_,,_SKILLS_,_SKILLS DESC_,,_SKILLS DESC_,~
_SKILLS_,,_SKILLS_,_SKILLS DESC_,,_SKILLS DESC_,~
_SKILLS_,,_SKILLS_,_SKILLS DESC_,,_SKILLS DESC_,~
_SKILLS_,,_SKILLS_,_SKILLS DESC_,,_SKILLS DESC_,~
_SKILLS_,,_SKILLS_,_SKILLS DESC_,,_SKILLS DESC_,~
_SKILLS_,,_SKILLS_,_SKILLS DESC_,,_SKILLS DESC_,~
_SKILLS_,,_SKILLS_,_SKILLS DESC_,,_SKILLS DESC_,~
_SKILLS_,,_SKILLS_,_SKILLS DESC_,,_SKILLS DESC_,~
_SKILLS_,,_SKILLS_,_SKILLS DESC_,,_SKILLS DESC_,~
_SKILLS_,,_SKILLS_,_SKILLS DESC_,,_SKILLS DESC_,~
_SKILLS_,,_SKILLS_,_SKILLS DESC_,,_SKILLS DESC_,~
_SKILLS_,,_SKILLS_,_SKILLS DESC_,,_SKILLS DESC_,~
_SKILLS_,,_SKILLS_,_SKILLS DESC_,,_SKILLS DESC_,~
_SKILLS_,,_SKILLS_,_SKILLS DESC_,,_SKILLS DESC_,~
_SKILLS_,,_SKILLS_,_SKILLS DESC_,,_SKILLS DESC_,~
_SKILLS_,,_SKILLS_,_SKILLS DESC_,,_SKILLS DESC_,~
_SKILLS_,,_SKILLS_,_SKILLS DESC_,,_SKILLS DESC_,~
_SKILLS_,,_SKILLS_,_SKILLS DESC_,,_SKILLS DESC_,~
_SKILLS_,,_SKILLS_,_SKILLS DESC_,,_SKILLS DESC_,~
_SKILLS_,,_SKILLS_,_SKILLS DESC_,,_SKILLS DESC_,~
_SKILLS_,,_SKILLS_,_SKILLS DESC_,,_SKILLS DESC_,~
_SKILLS_,,_SKILLS_,_SKILLS DESC_,,_SKILLS DESC_,~
_SKILLS_,,_SKILLS_,_SKILLS DESC_,,_SKILLS DESC_,~
_SKILLS_,,_SKILLS_,_SKILLS DESC_,,_SKILLS DESC_,~
_SKILLS_,,_SKILLS_,_SKILLS DESC_,,_SKILLS DESC_,~
_SKILLS_,,_SKILLS_,_SKILLS DESC_,,_SKILLS DESC_,~
_SKILLS_,,_SKILLS_,_SKILLS DESC_,,_SKILLS DESC_,~
_SKILLS_,,_SKILLS_,_SKILLS DESC_,,_SKILLS DESC_,~
_SKILLS_,,_SKILLS_,_SKILLS DESC_,,_SKILLS DESC_,~
_SKILLS_,,_SKILLS_,_SKILLS DESC_,,_SKILLS DESC_,~
_SKILLS_,,_SKILLS_,_SKILLS DESC_,,_SKILLS DESC_,~
_SKILLS_,,_SKILLS_,_SKILLS DESC_,,_SKILLS DESC_,~
_SKILLS_,,_SKILLS_,_SKILLS DESC_,,_SKILLS DESC_,~
_SKILLS_,,_SKILLS_,_SKILLS DESC_,,_SKILLS DESC_,~
_SKILLS_,,_SKILLS_,_SKILLS DESC_,,_SKILLS DESC_,~
_SKILLS_,,_SKILLS_,_SKILLS DESC_,,_SKILLS DESC_,~
_SKILLS_,,_SKILLS_,_SKILLS DESC_,,_SKILLS DESC_,~
_SKILLS_,,_SKILLS_,_SKILLS DESC_,,_SKILLS DESC_,~
_SKILLS_,,_SKILLS_,_SKILLS DESC_,,_SKILLS DESC_,~